{ "tBodyAcc-mean()-X": { "0": 0.25717777, "1": 0.28602672, "2": 0.27548483, "3": 0.2702982, "4": 0.27483296 }, "tBodyAcc-mean()-Y": { "0": -0.02328523, "1": -0.013163359, "2": -0.02605042, "3": -0.03261387, "4": -0.027847787 }, "tBodyAcc-mean()-Z": { "0": -0.014653762, "1": -0.11908252, "2": -0.11815167, "3": -0.11752018, "4": -0.12952717 } }